,site_name,bias_rating,factual_reporting_rating
0,(The) Interpreter Magazine,-8,HIGH
1,1600 Daily,26,MIXED
2,2ndVote,29,MIXED
3,680 News,-3,HIGH
4,71 Republic,15,HIGH
5,9 News (Australia),6,HIGH
6,ABC News Australia,-4,HIGH
7,ABC News,-13,HIGH
8,ABC11 Eyewitness News,-11,HIGH
9,Above the Law,-9,HIGH
10,ABS-CBN News,-5,HIGH
11,Acculturated,24,HIGH
12,Accuracy in Academia (AIA),28,MIXED
13,Accuracy in Media (AIM),30,MIXED
14,Act.TV,-26,HIGH
15,Acting Man,24,MIXED
16,Addicting Info,-25,MIXED
17,Advocate,-22,HIGH
18,Aeon,-10,HIGH
19,Affinity Magazine,-15,MIXED
20,AFP (Agence France Presse),-5,HIGH
21,Africa News,-2,HIGH
22,African Arguments,-12,HIGH
23,Against Crony Capitialism,24,MIXED
24,Agerpres,-1,HIGH
25,Ahram Online,-2,HIGH
26,Airwars,-1,HIGH
27,Akkadian Times,-22,HIGH
28,Akron Beacon Journal,-9,HIGH
29,Al Arabiya,-3,HIGH
30,Al Bawaba,-3,HIGH
31,Al Jazeera,-8,HIGH
32,Al Majalla,-4,HIGH
33,Al Monitor,-13,HIGH
34,Al-Hayat,-13,HIGH
35,Al-Masdar News (AMN),-13,MIXED
36,Al-Sura,-11,MIXED
37,AL.com (Alabama News),13,HIGH
38,Alabama Political Reporter,1,HIGH
39,Alabama Today,-2,HIGH
40,Alan Guttmacher Institute,-12,HIGH
41,Alaska Dispatch News,-10,HIGH
42,Albany Democrat Herald,-2,HIGH
43,Albany Times-Union,-8,HIGH
44,Albuquerque Journal,-5,HIGH
45,All That’s Fab,-28,MIXED
46,Allen B. West,29,MIXED
47,AllGov,-1,VERY HIGH
48,Alliance for Justice (AFJ),-22,HIGH
49,Alliance for Securing Democracy,2,HIGH
50,Allied Progress,-16,HIGH
51,Alpha News,24,MIXED
52,AlterNet,-28,MIXED
53,AltNewsMedia.net,24,HIGH
54,AM New York,-13,HIGH
55,Amandla,-23,HIGH
56,America Magazine,-8,HIGH
57,AmericaBlog,-23,HIGH
58,American Action Forum,14,HIGH
59,American Bridge 21st Century,-25,MIXED
60,American Center for Law and Justice (ACLJ),30,MIXED
61,American Civil Liberties Union (ACLU),-10,HIGH
62,American Consequences,24,MIXED
63,American Council on Science and Health,9,HIGH
64,American Enterprise Institute,21,MIXED
65,American Firearms Institute,13,HIGH
66,American Foreign Policy Council (AFPC),10,HIGH
67,American Greatness,22,MIXED
68,American Herald Tribune,-12,MIXED
69,American Heritage,1,HIGH
70,American Legislative Exchange Council (ALEC),24,MIXED
71,American Liberty Report,26,MIXED
72,American Military News,27,HIGH
73,American News 24/7,30,MIXED
74,American News Hub,28,MIXED
75,American News X,-26,MIXED
76,American Public Media,-8,HIGH
77,American Spectator,26,HIGH
78,American Thinker,27,MIXED
79,American United for Separation of Church and State,-18,HIGH
80,American Web Media (AWM),19,MIXED
81,Americans for Prosperity,29,MIXED
82,Americas Quarterly,10,HIGH
83,Ammoland,24,HIGH
84,Amnesty International,-5,HIGH
85,Anadolu Agency,24,MIXED
86,Angry White Men,-21,HIGH
87,Anniston Star,-16,HIGH
88,Anthropocene Magazine,-4,VERY HIGH
89,Anthropocene Magazine,-4,VERY HIGH
90,Anti-Defamation League,-11,HIGH
91,Anti-Fascist News,-18,MIXED
92,Anti-War,16,MIXED
93,AOL,-14,HIGH
94,APM Reports,-10,HIGH
95,APTN News,-4,HIGH
96,Ara News,-12,HIGH
97,Arab News,10,HIGH
98,Arizona Capitol Times,-1,HIGH
99,Arizona Daily Independent,24,MIXED
100,Arizona Daily Star,-13,HIGH
101,Arizona Daily Sun,-7,HIGH
102,Arizona Republic,12,HIGH
103,Arkansas Democrat-Gazette,11,HIGH
104,Armstrong Economics,11,HIGH
105,Arutz Sheva (Israel National News),15,HIGH
106,Asharq Al-Awsat,1,HIGH
107,Asheville Citizen-Times,-7,HIGH
108,Asia Times,-4,HIGH
109,Asian News International (ANI),1,HIGH
110,Associated Press,-5,VERY HIGH
111,Assyrian International News Agency,22,MIXED
112,Atavist Magazine,-8,VERY HIGH
113,Atlanta Black Star,-15,HIGH
114,Atlanta Journal-Constitution,-13,HIGH
115,Atlantic Council,3,HIGH
116,Atlantic Media,-7,HIGH
117,ATTN:,-11,HIGH
118,Austin American-Statesman,-8,HIGH
119,AutoStraddle,-23,HIGH
120,Axios,-9,HIGH
121,BackChannel,-8,VERY HIGH
122,Backed by Fact,-18,HIGH
123,Ballotpedia,-1,VERY HIGH
124,Baltimore City Paper,-21,MIXED
125,Baltimore Sun,-13,HIGH
126,Bangor Daily News,-9,HIGH
127,Baptist News Global,-7,HIGH
128,Battle Creek Enquirer,-8,HIGH
129,Battlefords News Optimist,-2,HIGH
130,Bay Area Reporter,-19,HIGH
131,Bbarta24,-3,HIGH
132,BBC,-7,VERY HIGH
133,BDNews24,-4,HIGH
134,Bearing Arms,27,MIXED
135,Beijing Review,-17,HIGH
136,Being Liberal,-27,HIGH
137,Being Libertarian,23,HIGH
138,Beliefnet,21,MIXED
139,Bellingcat,0,HIGH
140,Berkeleyside,-13,HIGH
141,Berkshire Eagle,-11,HIGH
142,Better Government Association,-5,HIGH
143,Big Government News,28,MIXED
144,Big League Politics,28,MIXED
145,Big News Network,-3,MIXED
146,Big Think,-2,VERY HIGH
147,Billings Gazette,7,HIGH
148,BillMoyers.com,-9,VERY HIGH
149,Bipartisan Policy Center,9,HIGH
150,Birmingham Mail,-17,MIXED
151,Bismarck Tribune,1,HIGH
152,Bitch Media,-22,HIGH
153,Bizpac Review,29,MIXED
154,Black Agenda Report,-22,HIGH
155,Black Lives Matter,-21,HIGH
156,BlastingNews,-15,MIXED
157,Bloomberg News,-8,HIGH
158,Blue Dot Daily,-30,MIXED
159,Blue Lives Matter,24,HIGH
160,Blue Nation Review,-29,MIXED
161,Blue State Daily,-28,MIXED
162,Bluestem Prairie,-13,HIGH
163,BNO News,-3,HIGH
164,Boing Boing,-19,HIGH
165,Boston Globe,-11,HIGH
166,Boston Herald,9,HIGH
167,Boy Genius Report (BGR),-10,HIGH
168,Breaking Defense,13,HIGH
169,Breakthrough Institute,8,HIGH
170,Breitbart Unmasked,-28,MIXED
171,Brennan Center for Justice,-15,HIGH
172,BrexitCentral,26,MIXED
173,Bridge Magazine,-2,HIGH
174,Brief.News,-1,HIGH
175,Brookings Institute,-14,VERY HIGH
176,Buffalo News,-12,HIGH
177,Bulletin of the Atomic Scientists,-5,VERY HIGH
178,Bullshido,-3,HIGH
179,Burnett County Sentinel,-3,MIXED
180,Business 2 Community,-2,HIGH
181,Business Insider,-11,HIGH
182,Bust Magazine,-23,HIGH
183,Bustle Magazine,-14,HIGH
184,Buzzfeed,-17,MIXED
185,C-Span,-1,VERY HIGH
186,Calgary Herald,-13,HIGH
187,Calgary Sun,13,HIGH
188,California Political Review,14,HIGH
189,CalWatchdog.com,-8,HIGH
190,Cambridge Analytica,26,MIXED
191,Campaign for Liberty,17,MIXED
192,Campaign Life Coalition,30,MIXED
193,Campus Reform,23,MIXED
194,Canadaland,-13,HIGH
195,Canadian Dimension,-18,HIGH
196,Canadian Jewish News (CJN),10,HIGH
197,Canadian Public Affairs Channel (CPAC),-1,HIGH
198,Canadian Taxpayers Federation,15,HIGH
199,Cape Cod Times,-4,HIGH
200,Capital Gazette,-12,HIGH
201,Capital Research Center,24,MIXED
202,Capitol Fax,-3,HIGH
203,Carbonated TV,-26,HIGH
204,Care2,-27,MIXED
205,Caribbean Life News,-13,HIGH
206,Carnegie Endowment for International Peace,-5,VERY HIGH
207,Carolina Public Press,-12,HIGH
208,Casper Star-Tribune,1,HIGH
209,Castanet,-4,HIGH
210,Cato Institute,17,HIGH
211,CBC News (Canadian Broadcasting),-12,HIGH
212,CBS News,-12,HIGH
213,CCTV America,-10,HIGH
214,Center for a New American Security,-4,HIGH
215,Center for a Stateless Society,15,HIGH
216,Center for Advanced Defense Studies,1,VERY HIGH
217,Center for American Progress,-23,HIGH
218,Center for Democracy and Technology,-2,HIGH
219,Center for Global Development,-4,VERY HIGH
220,Center for Inquiry,-1,VERY HIGH
221,Center for International Policy,-11,VERY HIGH
222,Center for Media and Democracy (PR Watch),-21,HIGH
223,Center for Popular Democracy,-16,HIGH
224,Center for Public Integrity,-3,VERY HIGH
225,Center for Responsive Politics (Open Secrets),-1,VERY HIGH
226,Center for Strategic and International Studies,-4,VERY HIGH
227,Center for the National Interest,10,HIGH
228,Certified Politics,-28,MIXED
229,Change.org,-21,HIGH
230,Charleston Gazette-Mail,-10,HIGH
231,Charlotte Observer,-13,HIGH
232,Check Your Fact,9,HIGH
233,Chicago Reader,-22,HIGH
234,Chicago Sun Times,-12,HIGH
235,Chicago Tribune,9,HIGH
236,Chicks on the Right,24,MIXED
237,China Daily,-4,HIGH
238,China Global Television Network (CGTN),-2,HIGH
239,Chinook Observer,-4,HIGH
240,Christian News Alerts,30,MIXED
241,Christian Post,24,MIXED
242,Christian Science Monitor,-4,HIGH
243,Christianity Today,7,HIGH
244,Chronicles Magazine (Rockford),28,MIXED
245,Chronicles of Democracy,-22,HIGH
246,Church Militant,30,MIXED
247,Cincinnati Enquirer,10,HIGH
248,Circa News,7,HIGH
249,Citizen Critics,-18,HIGH
250,Citizen Free Press,27,MIXED
251,Citizen Truth,-13,HIGH
252,Citizens for Legitimate Government (CLG News),-16,MIXED
253,Citizens for Responsibility and Ethics in Washington (CREW),-15,HIGH
254,Citizens for Tax Justice,-13,HIGH
255,Citizens United,23,MIXED
256,City and State New York,-3,HIGH
257,City Journal,24,HIGH
258,Civitas Institute,29,MIXED
259,Clean Technica,-9,VERY HIGH
260,Clear Politics,30,MIXED
261,CNBC,-13,HIGH
262,CNN,-20,MIXED
263,Code Pink,-29,MIXED
264,Cold Dead Hands,27,MIXED
265,Colombia Reports,-12,MIXED
266,Colorado Springs Gazette,12,HIGH
267,Columbia Daily Herald,9,HIGH
268,Columbia Journalism Review,-11,HIGH
269,Columbus Dispatch,10,HIGH
270,Commentary Magazine,24,HIGH
271,Committee for a Responsible Federal Budget,1,VERY HIGH
272,Committee for Economic Development,3,HIGH
273,Committee to Investigate Russia,-9,HIGH
274,Committee to Protect Journalists,-2,VERY HIGH
275,Common Cause,-12,HIGH
276,Common Dreams,-24,HIGH
277,Commonweal Magazine,-10,HIGH
278,Commonwealth Fund,-11,HIGH
279,Communities Digital News,12,HIGH
280,Competitive Enterprise Institute,17,HIGH
281,Concord Monitor,-4,HIGH
282,Conflict News,3,HIGH
283,Congress.gov,-1,VERY HIGH
284,Congressional Budget Office (CBO),-1,VERY HIGH
285,Conservative Base,30,MIXED
286,Conservative Daily News,29,MIXED
287,Conservative HQ,29,MIXED
288,Conservative Institute,22,HIGH
289,Conservative Outfitters,28,MIXED
290,Conservative Review,24,MIXED
291,Conservative Today,30,MIXED
292,ConservativeOpinion.com,28,MIXED
293,Conservatives Here,30,MIXED
294,Consortium News,-5,HIGH
295,Constitution Daily,1,HIGH
296,Constitution Project,1,HIGH
297,Consumer Reports,-1,HIGH
298,Consumerist,-3,HIGH
299,Content News,-27,MIXED
300,Controversial Times,30,MIXED
301,Cook Political Report,-2,HIGH
302,Corporate Presidency,-15,HIGH
303,Cosmopolitan,-26,HIGH
304,Council for the National Interest,-14,HIGH
305,Council on Foreign Relations,9,HIGH
306,Countable News,-4,HIGH
307,CounterCurrents.org,-22,HIGH
308,CounterPunch,-22,HIGH
309,Courthouse News Service,-1,HIGH
310,Cowger Nation,30,MIXED
311,CP24,-3,HIGH
312,Credo Action,-14,HIGH
313,Crime Prevention Research Center,28,MIXED
314,Crimeola,-1,HIGH
315,CrimethInc,-22,HIGH
316,Crisis Magazine,27,MIXED
317,Crooked Media,-23,HIGH
318,Crooks and Liars,-28,MIXED
319,Crosscut.com,-13,HIGH
320,CSC Mediagroup USA,30,HIGH
321,CTV News,-14,HIGH
322,Current Affairs Magazine,-21,HIGH
323,Curve Magazine,-18,HIGH
324,Daily 49er,-19,HIGH
325,Daily Beast,-23,HIGH
326,Daily Business Review,2,HIGH
327,Daily Caller,26,MIXED
328,Daily Dems,-29,MIXED
329,Daily Dot,-19,HIGH
330,Daily Express,23,MIXED
331,Daily Herald,8,HIGH
332,Daily Hive,-9,HIGH
333,Daily Journal (Illinois),1,HIGH
334,Daily Journal (Missouri),-3,HIGH
335,Daily Kos,-27,MIXED
336,Daily Mail,24,MIXED
337,Daily Mirror,-23,MIXED
338,Daily News Bin,-28,MIXED
339,Daily Press,7,HIGH
340,Daily Record (Scotland),-22,MIXED
341,Daily Record,-4,HIGH
342,Daily Sabah,22,MIXED
343,Daily Signal,29,MIXED
344,Daily Surge,28,MIXED
345,Daily Telegraph,11,HIGH
346,Dallas Morning News,12,HIGH
347,Dallas Voice,-23,HIGH
348,Dangerous,30,MIXED
349,Darien Times,-2,HIGH
350,Dawn,-12,HIGH
351,Dayton Daily News,-5,HIGH
352,DC Statesman,29,MIXED
353,DC Tribune,-29,MIXED
354,DC Whispers,29,MIXED
355,DCReport.org,-17,HIGH
356,de Volkskrant,9,HIGH
357,Dead State,-24,HIGH
358,Deadline Hollywood,-15,HIGH
359,Deadspin,-22,HIGH
360,DeathandTaxes,-22,HIGH
361,Debate Post,19,HIGH
362,Deccan Chronicle,14,HIGH
363,Deccan Herald,-13,MIXED
364,Deep Left Field,-29,MIXED
365,DeepStateNation.com,-27,MIXED
366,Defense One,0,HIGH
367,Delaware Online – The News Journal,-9,HIGH
368,Democracy 21,-16,HIGH
369,Democracy Chronicles,-24,HIGH
370,Democracy Guardian,-28,MIXED
371,Democracy Now,-22,HIGH
372,Democrat and Chronicle,-11,HIGH
373,Democratic Underground,-28,MIXED
374,Demos,-11,HIGH
375,Denver Post,-14,HIGH
376,Deplorables Report,24,MIXED
377,Deseret News,15,HIGH
378,Desert Sun,6,HIGH
379,DeSmog,-18,HIGH
380,Detroit Free Press,-12,HIGH
381,Detroit News,12,HIGH
382,Die Hard Democrat,-26,HIGH
383,Die Zeit,-9,HIGH
384,DifferenceBetween.net,0,VERY HIGH
385,Digg,-9,HIGH
386,Digital Journal,-2,HIGH
387,Disobedient Media,24,MIXED
388,Dissent Magazine,-23,HIGH
389,DiversityInc,-12,HIGH
390,Doctors Without Borders,-1,HIGH
391,Downsizing the Federal Government,15,HIGH
392,DPA German Press Agency,-3,HIGH
393,Drudge Report,29,MIXED
394,Drudge Retort,-23,MIXED
395,Duluth News Tribune,9,HIGH
396,Dutch Daily News,-13,HIGH
397,Dutch Review,-13,MIXED
398,DW News,-14,HIGH
399,Eagle Tribune,1,HIGH
400,Earth First Journal,-26,MIXED
401,Earth Institute,-2,HIGH
402,EarthJustice,-17,HIGH
403,East Bay Times,-9,HIGH
404,Economic Policy Institute,-13,HIGH
405,EconomicPolicyJournal.com,24,HIGH
406,Economics.Help,-13,HIGH
407,Economy In Crisis,-24,MIXED
408,Edmonton Journal,-10,HIGH
409,Edmonton Sun,15,HIGH
410,EgbertoWillies,-28,HIGH
411,Egyptian Streets,-12,MIXED
412,EJ Insight (EJI),-5,HIGH
413,El Pais,-13,HIGH
414,El Paso Times,-8,HIGH
415,Electoral-Vote.com,-19,HIGH
416,Electronic Frontier Foundation,-8,HIGH
417,Electronic Intifada,-25,HIGH
418,Elisabeth Parker,-26,HIGH
419,Elite Daily,-19,MIXED
420,Elko Daily Free Press,1,HIGH
421,Emirates 24/7,-11,HIGH
422,Empty Wheel,-15,HIGH
423,Energy Citizens,27,MIXED
424,Engadget,-12,HIGH
425,Erie Times-News,-4,HIGH
426,ERR News (Estonia Public Broadcasting),1,HIGH
427,Esquire Magazine,-22,HIGH
428,Ethics & Religious Liberty Commission (ERLC),28,MIXED
429,Ethics and Public Policy Center (EPPC),15,HIGH
430,EU Observer,-11,HIGH
431,Euractiv,-17,MIXED
432,Eurasia Group,-3,HIGH
433,Eurasia Review,-4,HIGH
434,Euronews,-4,HIGH
435,Every CRS Report,0,VERY HIGH
436,Everyday Feminism,-21,HIGH
437,Evonomics,-23,HIGH
438,Exposing the Truth,-10,HIGH
439,ExtraNewsFeed,-25,MIXED
440,Fact / Myth,-9,HIGH
441,Factbox.TV,-15,HIGH
442,FactCheck,-1,VERY HIGH
443,Facts and Logic About the Middle East (FLAME),28,MIXED
444,FactsCan,-1,VERY HIGH
445,Factwire News Agency,-1,HIGH
446,Fair Observer,-3,HIGH
447,Fairness & Accuracy in Reporting (FAIR),-14,HIGH
448,FairVote,-9,HIGH
449,Faith Family America,13,HIGH
450,FaithWire,27,MIXED
451,Family Security Matters,26,MIXED
452,Far Left Watch,29,HIGH
453,Fast Company Magazine,-11,HIGH
454,Federal News Radio,-1,HIGH
455,Federal Times,0,HIGH
456,Federalist Press,30,MIXED
457,Federalist Society,26,MIXED
458,Feminist Current,-19,HIGH
459,Feminist Frequency,-8,HIGH
460,Feministing,-25,HIGH
461,Fifth Estate,-22,HIGH
462,Fight for the Future,-14,HIGH
463,Filming Cops,-24,HIGH
464,Financial Express,2,HIGH
465,Financial Post,10,HIGH
466,Financial Times,1,HIGH
467,First Draft News,-3,HIGH
468,First in Freedom Daily,28,MIXED
469,First Post,-22,HIGH
470,First Things Magazine,23,MIXED
471,FitsNews,13,HIGH
472,FiveThirtyEight,-8,HIGH
473,Florida Times-Union,10,HIGH
474,Forbes,14,MIXED
475,Foreign Affairs,5,HIGH
476,Foreign Policy in Focus,-10,HIGH
477,Foreign Policy Initiative,12,HIGH
478,Foreign Policy Journal,-26,MIXED
479,Foreign Policy News,-23,MIXED
480,Foreign Policy Research Institute,10,VERY HIGH
481,Foreign Policy,3,HIGH
482,Fort Bend Herald,13,HIGH
483,Fort Worth Star-Telegram,10,HIGH
484,Fort Worth Star-Telegram,10,HIGH
485,Fort Worth Weekly,-14,HIGH
486,Fortnightly Review,15,HIGH
487,Fortune Magazine,8,HIGH
488,Forward Progressives,-26,HIGH
489,Foundation for Defense of Democracies,21,HIGH
490,Foundation for Economic Education,12,HIGH
491,Fox News,24,MIXED
492,France24,-13,HIGH
493,Franklin Center for Government and Public Integrity,15,MIXED
494,Fraser Institute,13,HIGH
495,Freakonomics Radio,-10,HIGH
496,Free Press,-27,HIGH
497,Free Press,-15,HIGH
498,Free Rein News,-28,HIGH
499,Free Republic,27,MIXED
500,Free West Media,26,MIXED
501,Free Wheel Media,-12,HIGH
502,Freedom Crossroads,26,MIXED
503,Freedom From Religion Foundation (FFRF),-1,HIGH
504,Freedom House,10,HIGH
505,Freedom News and Journal,-27,HIGH
506,Freedom Works,26,MIXED
507,Fresno Bee,-11,HIGH
508,Frontiers of Freedom,24,MIXED
509,FStv (freespeech.org),-19,HIGH
510,Full Fact (UK),-5,VERY HIGH
511,Fusion,-16,MIXED
512,Future in America,30,MIXED
513,Gallup,-2,VERY HIGH
514,Gatestone Institute,28,MIXED
515,Gay Star News,-15,HIGH
516,GBTimes,-2,HIGH
517,Gears of Biz,-4,HIGH
518,Geopolitics Alert,-13,HIGH
519,Get Religion,26,MIXED
520,Gizmodo,-20,HIGH
521,Glamour Magazine,-14,HIGH
522,Global Citizen,-11,HIGH
523,Global Integrity,1,HIGH
524,Global News,-8,HIGH
525,Global Post,-10,HIGH
526,Global Risk Insights (GRI),-7,HIGH
527,Global Slavery Index,-1,VERY HIGH
528,Global Times (China),-10,HIGH
529,Global Voices,-18,HIGH
530,Globe Gazette (Iowa),-3,HIGH
531,Globe Today,-22,MIXED
532,Good Magazine,-21,HIGH
533,GoodNewsNetwork,1,HIGH
534,GOP.com,24,MIXED
535,GOPOCALYPSE,-28,MIXED
536,GOPUSA,29,MIXED
537,Governing Magazine,-8,HIGH
538,Government Accountability Institute,29,MIXED
539,Government Executive,-4,HIGH
540,GovTrack,0,VERY HIGH
541,GQ Magazine,-19,HIGH
542,Grabien News,-3,MIXED
543,Grand Rapids Press,13,HIGH
544,Grasping Reality With Both Hands: Bradford DeLong,-21,HIGH
545,Green Left Weekly,-26,MIXED
546,Greensboro News and Record,-12,HIGH
547,Greentech Media,-12,HIGH
548,Greenville Gazette,-26,HIGH
549,Grist,-14,HIGH
550,Groopspeak,-28,MIXED
551,Group of Thirty,7,HIGH
552,Guardian Liberty Voice,-24,HIGH
553,Guardians of Democracy,-24,HIGH
554,Guerrilla News,30,MIXED
555,Guido Fawkes,29,MIXED
556,Gulf News,10,HIGH
557,Guns.com,10,HIGH
558,Haaretz,-16,HIGH
559,Happy Foxie,-28,MIXED
560,Harper’s Magazine,-8,HIGH
561,Harvard Business Review,-3,HIGH
562,Harvard Gazette,-4,HIGH
563,Harvard Political Review,-4,HIGH
564,Hastings Tribune,-2,HIGH
565,Health Magazine,-11,MIXED
566,Healthcare Finance News,-1,HIGH
567,HealthyWay,-11,HIGH
568,Heartland Institute,29,MIXED
569,Heat Street,24,MIXED
570,Heavy,-13,HIGH
571,Helsinki Times,-15,HIGH
572,Herald & Review (Illinois),2,HIGH
573,Herald-Sun,11,HIGH
574,Heritage Foundation,29,MIXED
575,HermanCain.com,29,MIXED
576,Heterodox Academy,8,HIGH
577,High Country News,-13,HIGH
578,High Point Enterprise,10,HIGH
579,Highline,-12,HIGH
580,Hillary Daily,23,MIXED
581,Hindustan Times,-8,HIGH
582,History News Network,-12,HIGH
583,Hoax Slayer,0,VERY HIGH
584,Hollywood Reporter,-15,HIGH
585,Homeland Security News Wire,1,HIGH
586,Honest Reporting,10,HIGH
587,Honolulu Star-Advertiser,-11,HIGH
588,Hoover Institution,13,MIXED
589,Hot Air,26,HIGH
590,Houston Chronicle,-14,HIGH
591,Hudson Institute,22,HIGH
592,Huffington Post (HuffPost),-21,HIGH
593,Human Events,26,MIXED
594,Human Progress,16,MIXED
595,Human Rights Campaign (HRC),-24,HIGH
596,Human Rights Watch,-8,HIGH
597,Humanium,-13,HIGH
598,Hurriyet Daily News,-11,MIXED
599,I Bleed Red White and Blue,27,MIXED
600,I24 News,1,HIGH
601,Ice News,-13,HIGH
602,ICitizen,-3,HIGH
603,Idaho Statesman,-3,HIGH
604,If Americans Knew,-15,HIGH
605,IHS Janes 360,1,HIGH
606,Illinois Policy Institute,20,HIGH
607,iMediaEthics,-4,HIGH
608,Impeach Trump Now,-29,MIXED
609,Imprimis (Hillsdale College),24,MIXED
610,In Defence of Marxism,-27,HIGH
611,In Homeland Security,9,HIGH
612,In These Times,-22,HIGH
613,Independent Australia,-15,HIGH
614,Independent Journal Review,26,HIGH
615,Independent Media Center,-14,MIXED
616,Independent Record (Montana),1,HIGH
617,Independent Reporter (Ir.net),-27,MIXED
618,Independent Sentinel,29,HIGH
619,Independent Voter Network (IVN),-4,HIGH
620,Independent Women’s Forum (IWF),24,MIXED
621,India Today,-4,HIGH
622,Indianapolis Star,-10,HIGH
623,Inequality Media,-19,HIGH
624,iNews,-13,HIGH
625,Informed Comment,-19,HIGH
626,Inquisitr,-14,MIXED
627,Inside Higher Ed,-7,HIGH
628,Inside Philanthropy,-13,HIGH
629,InsideClimate News,-7,HIGH
630,InsideSources,12,HIGH
631,Institute for Family Studies,23,MIXED
632,Institute for Humane Studies,7,HIGH
633,Institute for Middle East Understanding (IMEU),-12,HIGH
634,Institute for Policy Studies,-28,HIGH
635,Institute for Women’s Policy Research (IWPR),-4,HIGH
636,Institute on Taxation and Economic Policy (ITEP),-11,HIGH
637,Intellectual Takeout,26,MIXED
638,Inter Press Service (IPS),-16,HIGH
639,International Business Times,-11,MIXED
640,International Center for Research on Women,-11,HIGH
641,International Consortium of Investigative Journalists,-4,VERY HIGH
642,International Crisis Group,-10,HIGH
643,International Energy Agency (IEA),-5,HIGH
644,International Organization,1,VERY HIGH
645,International Press Institute,-1,VERY HIGH
646,International Rescue Committee (IRC),-3,HIGH
647,International Viewpoint,-29,MIXED
648,Intrepid Report,-24,MIXED
649,Inverse,-12,HIGH
650,Investigative Reporters and Editors,-1,VERY HIGH
651,Investopedia,-1,HIGH
652,Investors Business Daily,28,MIXED
653,Iowa Starting Line,-22,HIGH
654,iPatriot,24,MIXED
655,iPolitics,-9,HIGH
656,IRIN News,-10,HIGH
657,Irish Independent,11,HIGH
658,Israel Hayom,13,HIGH
659,ITV News,8,HIGH
660,It’s Going Down,-28,MIXED
661,Jackson Sun,2,HIGH
662,Jacobin,-22,HIGH
663,Japan Times,1,HIGH
664,Japan Today,7,HIGH
665,Jewish Breaking News,12,MIXED
666,Jewish News Syndicate (JNS),13,HIGH
667,Jewish Policy Center,20,HIGH
668,Jewish Telegraphic Agency (JTA),1,HIGH
669,Jewish World Review,26,MIXED
670,Jezebel,-29,MIXED
671,Jihadica,-9,HIGH
672,Joint Center for Political and Economic Studies,-13,HIGH
673,Journal Gazette & Times-Courier,-3,HIGH
674,Journal of Politics and Society,-10,VERY HIGH
675,JStor Daily,-1,VERY HIGH
676,Judicial Crisis Network,28,MIXED
677,Just Facts Daily,19,HIGH
678,Just Facts,12,HIGH
679,Just Security,-3,HIGH
680,Kaiser Family Foundation,-4,HIGH
681,Kansas City Star,-12,HIGH
682,Kansas Policy Institute (KPI),26,MIXED
683,Keep and Bear,28,HIGH
684,KMOV,-9,HIGH
685,Knight Foundation,-7,HIGH
686,Know Your Meme,-1,HIGH
687,Knowhere,-1,HIGH
688,Knox Report,30,MIXED
689,Knoxville News Sentinel,-12,HIGH
690,KOCO News 5,-7,HIGH
691,Korea Herald,8,MIXED
692,Kotaku,-13,HIGH
693,KUOW NPR,-10,HIGH
694,Kurdistan 24,-15,MIXED
695,KUTV Salt Lake City,10,HIGH
696,Kyiv Post,-15,MIXED
697,La Presse,-16,HIGH
698,LA Times (Los Angeles Times),-14,HIGH
699,Las Vegas Review-Journal,12,HIGH
700,Latest.com,-29,MIXED
701,Latin Times,-8,HIGH
702,Lavender Magazine,-22,HIGH
703,Law Newz,-11,HIGH
704,Lawfare Blog,-13,HIGH
705,Le Devoir,1,HIGH
706,Lead Stories,-2,VERY HIGH
707,Learn Liberty,8,HIGH
708,Left Action,-25,HIGH
709,Left Foot Forward,-23,HIGH
710,Left Justified,-9,HIGH
711,Left Over Rights,-27,MIXED
712,Left Side of History,-23,MIXED
713,Left Voice,-22,HIGH
714,Left Wing Nation,-28,HIGH
715,LeftScoop,-29,MIXED
716,Legal Insurrection,24,MIXED
717,Lethbridge Herald,-12,HIGH
718,Lexington Herald Leader,-10,HIGH
719,Lexington Institute,8,HIGH
720,LGBTQ Nation,-18,HIGH
721,Libcom.org,-28,HIGH
722,Liberal America,-25,MIXED
723,Liberal Examiner,-29,MIXED
724,Liberal Mountain,-16,HIGH
725,Liberals Unite (Samuel Warde),-27,MIXED
726,Liberation News,-22,HIGH
727,Liberty Hangout,23,MIXED
728,Liberty Headlines,29,MIXED
729,Liberty Nation,29,MIXED
730,Liberty News,30,MIXED
731,Liberty Viral,13,HIGH
732,LibertyTalk.FM,27,MIXED
733,Life and About,30,MIXED
734,Life Decisions International,27,MIXED
735,Life News,30,MIXED
736,Life Site News,26,MIXED
737,Lifehacker,-10,HIGH
738,LifeZette,24,MIXED
739,Lima Charlie News,2,HIGH
740,Lincoln Journal Star,-2,HIGH
741,ListVerse,-3,HIGH
742,Little Green Footballs,-22,MIXED
743,LiveLeak,-12,HIGH
744,Lompoc Record,1,HIGH
745,London Broadcasting Company (LBC),17,MIXED
746,London Evening Standard,15,HIGH
747,London Free Press,7,MIXED
748,Lone Conservative,24,MIXED
749,Longview News-Journal,2,HIGH
750,Los Angeles Daily News,6,HIGH
751,Louder With Crowder,30,MIXED
752,Love Knowledge,-26,MIXED
753,Lyin’ Comey,29,MIXED
754,Lynx Media,7,MIXED
755,Mackinac Center for Public Policy,10,HIGH
756,Maclean’s Magazine,-11,HIGH
757,Maine Beacon,-9,HIGH
758,MakeUseOf,-2,HIGH
759,Malaysia Today,2,MIXED
760,Manchester Union Leader,19,MIXED
761,Manhattan Institute for Policy Research,10,HIGH
762,Maplight,-2,VERY HIGH
763,MarketWatch,0,HIGH
764,Mashable,-20,HIGH
765,McClatchyDC,-4,HIGH
766,Mean Left Hook,-28,MIXED
767,Media Circus,30,MIXED
768,Media Equalizer,29,MIXED
769,Media Matters,-24,HIGH
770,Media Research Center (MRC),28,MIXED
771,MediaFile,-12,HIGH
772,Mediaite,-23,HIGH
773,MediaShift,-4,HIGH
774,Medium,-12,MIXED
775,Meduza,-19,HIGH
776,Mehr News Agency,23,MIXED
777,Memeorandum,-4,MIXED
778,Mental Floss,-2,HIGH
779,Mercatornet,28,HIGH
780,MercoPress,-1,HIGH
781,Merion West,5,HIGH
782,Merry Jane,-20,HIGH
783,Metabunk,-3,HIGH
784,Metro UK,-14,HIGH
785,Metro,-10,HIGH
786,Mexico Daily News,-13,HIGH
787,Miami Herald,-10,HIGH
788,Miami New Times,-23,HIGH
789,Mic,-14,HIGH
790,Middle East Monitor,-21,MIXED
791,Migration Policy Institute,-10,HIGH
792,Military Times,8,HIGH
793,Military.com,3,HIGH
794,Milwaukee Journal-Sentinel,-9,HIGH
795,Minneapolis Star Tribune,-9,HIGH
796,Minnesota Public Radio (MPR),-11,HIGH
797,MinnPost,-11,HIGH
798,Mint Press News,-16,MIXED
799,Mises Daily,16,MIXED
800,Missoulian,-3,HIGH
801,MLive (Michigan – Booth Newspapers),-1,HIGH
802,Modern Liberals,-29,MIXED
803,Molad The Center for the Renewal of Israeli Democracy,-20,HIGH
804,Mondoweiss,-18,HIGH
805,Mongabay,-12,HIGH
806,Montana Standard,-3,HIGH
807,Monthly Review,-13,HIGH
808,Montreal Gazette,-12,HIGH
809,Moon of Alabama,-26,MIXED
810,Morning Consult,-13,HIGH
811,Moscow Times,-14,HIGH
812,Mother Jones,-23,HIGH
813,Mother Nature Network,-15,HIGH
814,Mountain Democrat,-8,HIGH
815,Move On,-29,MIXED
816,Ms. (Magazine),-20,HIGH
817,MSN.com,-9,HIGH
818,MSNBC,-24,MIXED
819,Muncie Voice,-15,HIGH
820,MWC News – Media With Conscience,-12,HIGH
821,MyNorthwest,12,HIGH
822,Naked Capitalism,-12,HIGH
823,Nap-Sack,-18,MIXED
824,Napa Valley Register,2,HIGH
825,Nation of Change,-23,MIXED
826,National Affairs Magazine,9,HIGH
827,National Association for the Advancement of Colored People (NAACP),-17,HIGH
828,National Bureau of Economic Research (NBER),1,HIGH
829,National Center for Public Policy Research (NCPPR),28,MIXED
830,National Center for Transgender Equality (NCTE),-15,HIGH
831,National Institute on Money in State Politics,-4,HIGH
832,National Interest,6,HIGH
833,National Journal,-4,HIGH
834,National Monitor,-15,HIGH
835,National Newswatch,-8,HIGH
836,National Observer (Canada),-15,HIGH
837,National Post,13,HIGH
838,National Review,26,MIXED
839,National Rifle Association (NRA),30,MIXED
840,National Youth Rights Association,-8,HIGH
841,NationMaster,-1,VERY HIGH
842,Natural Resource Governance Institute,-11,HIGH
843,Natural Resources Defense Council,-14,HIGH
844,Nature Conservancy,-9,HIGH
845,NBC News,-14,HIGH
846,NC Policy Watch,-14,HIGH
847,NDTV,-12,HIGH
848,Need 2 Know,-5,HIGH
849,Netherlands Radio and Television Association (NOS),7,HIGH
850,New America,-3,HIGH
851,New Bern Sun Journal,-4,HIGH
852,New Boston Post,24,MIXED
853,New England Cable News (NECN),-9,HIGH
854,New Europe,-13,HIGH
855,New Internationalist,-22,HIGH
856,New Left Review,-14,HIGH
857,New Matilda,-13,HIGH
858,New Moderate,-11,HIGH
859,New Politics Magazine,-19,HIGH
860,New Republic,-20,HIGH
861,New Revolution Now,22,HIGH
862,New Statesman,-22,HIGH
863,New York Daily News,-15,MIXED
864,New York Magazine,-22,HIGH
865,New York Observer,20,HIGH
866,New York Post,17,MIXED
867,New York Times,-12,HIGH
868,New Yorker,-23,HIGH
869,New Zealand Herald,1,HIGH
870,News and Guts,-13,HIGH
871,News Channel 4 (KFOR.com),-8,HIGH
872,News Corpse,-29,MIXED
873,News Deeply,-16,HIGH
874,News Heist,12,MIXED
875,News Lookup,-1,HIGH
876,News Rescue,11,HIGH
877,News-Gazette,8,HIGH
878,News.com.au,-12,HIGH
879,News24 (South Africa),2,HIGH
880,Newsbusters,30,MIXED
881,Newsday,-15,HIGH
882,Newsela,-3,HIGH
883,Newser,-9,HIGH
884,NewsGru,-15,MIXED
885,NewsHounds,-25,MIXED
886,Newsline,12,MIXED
887,NewsLogue,-28,MIXED
888,Newsmax,26,MIXED
889,NewsNow (UK),-3,MIXED
890,NewsOne,-16,HIGH
891,Newsweek,-23,MIXED
892,Newsy,-10,HIGH
893,Next Avenue,-5,HIGH
894,Next News Network,30,MIXED
895,NextGov,-2,HIGH
896,NHK World,-2,HIGH
897,Niskanen Center,-5,HIGH
898,NK News,-4,HIGH
899,No Labels,-3,HIGH
900,Noozhawk,-4,HIGH
901,North Korea Times,-3,MIXED
902,North99,-24,HIGH
903,Northwest Indiana Times,2,HIGH
904,Not Liberal,29,MIXED
905,Nova Magazine,-29,MIXED
906,Novinite,-4,HIGH
907,Now Magazine,-18,HIGH
908,NowThis News,-23,MIXED
909,NPR (National Public Radio),-9,VERY HIGH
910,NTD.TV (New Tang Dynasty),14,HIGH
911,NTK Network,27,MIXED
912,Numbers USA,29,MIXED
913,OC Weekly,-12,HIGH
914,Odessa American,10,HIGH
915,Offended America,29,MIXED
916,Offgrid Survival,29,MIXED
917,Oil and Water Don’t Mix,-8,HIGH
918,Oil Price,8,HIGH
919,Omaha World-Herald,10,HIGH
920,One America News Network,29,MIXED
921,One Green Planet,-27,MIXED
922,OneEighty,-1,MIXED
923,OneIndia,-12,MIXED
924,OneNewsNow,29,MIXED
925,Ontario Proud,24,HIGH
926,OpEdNews (OEN),-27,MIXED
927,Open the Government,-3,HIGH
928,openDemocracy,-15,HIGH
929,Opposing Views,-14,HIGH
930,OpsLens,30,MIXED
931,Orange County Register,11,HIGH
932,Oregonian,12,HIGH
933,Orlando Sentinel,10,HIGH
934,Ottawa Citizen,10,HIGH
935,Our Voice NY,-25,HIGH
936,Our World In Data,-8,HIGH
937,Outside The Beltway,-11,HIGH
938,Oyez Project,-1,VERY HIGH
939,Ozy Media,-13,HIGH
940,Pacific Daily News,-3,HIGH
941,Pacific Research Institute,9,HIGH
942,Pacific Standard Magazine,-10,HIGH
943,Palmer Report,-27,MIXED
944,PanAm Post,-12,HIGH
945,Parallax News (PXW),0,HIGH
946,Paste Magazine,-21,HIGH
947,Patch,-2,HIGH
948,Patheos,-1,MIXED
949,Patriot News Daily,30,MIXED
950,Patriotic Millionaires,-12,HIGH
951,PatriotRetort.com,28,MIXED
952,PBS News Hour,-10,HIGH
953,Peacock Panache,-27,HIGH
954,Peninsula Daily News,8,HIGH
955,Pensacola News Journal,-4,HIGH
956,People for the American Way (PFAW),-19,HIGH
957,People Magazine,-20,HIGH
958,Peterson Foundation,1,HIGH
959,Peterson Institute for International Economics,2,HIGH
960,Pew Research,-1,VERY HIGH
961,Philadelphia Inquirer,-11,HIGH
962,Philadelphia Tribune,-11,HIGH
963,Philippine Daily Inquirer,-8,HIGH
964,Phoenix New Times,-16,HIGH
965,PINAC,-18,HIGH
966,Pink News,-20,HIGH
967,Pittsburgh Post-Gazette,7,HIGH
968,Pittsburgh Tribune Review,10,HIGH
969,PJ Media,24,MIXED
970,Places Journal,-3,VERY HIGH
971,Pluralist,-11,HIGH
972,Policy Review,22,HIGH
973,PolicyEd,16,HIGH
974,Political Critique,-13,HIGH
975,Political Dig,-28,MIXED
976,Political Insider,29,MIXED
977,Political Storm,5,HIGH
978,Political Updater,-23,MIXED
979,Politichicks,30,MIXED
980,Politico,-15,HIGH
981,Politics That Work,-15,HIGH
982,PoliticsNote,30,MIXED
983,PoliticusUSA,-23,HIGH
984,Politifact,-4,HIGH
985,Politifeed,30,MIXED
986,Politisite,24,HIGH
987,Polygraph.info,-2,VERY HIGH
988,Popular Resistance,-21,MIXED
989,Population Connection,-15,HIGH
990,Populist Wire,28,MIXED
991,Portland Press-Herald,-7,HIGH
992,Positive News,-12,HIGH
993,Post-Bulletin,6,HIGH
994,Power Line,24,HIGH
995,Poynter Institute,-4,VERY HIGH
996,PR Newswire,-1,HIGH
997,Pravda Report,-27,MIXED
998,Press Progress,-20,HIGH
999,Press TV,-10,MIXED
1000,ProCon.org,-2,HIGH
1001,Progressive Army,-22,HIGH
1002,Progressive Liberal,-26,MIXED
1003,Project Censored,-19,HIGH
1004,Project on Government Oversight,-4,VERY HIGH
1005,Project Syndicate,-2,HIGH
1006,Project Veritas,30,MIXED
1007,Propublica,-13,HIGH
1008,Prospect Magazine,-11,HIGH
1009,Proud Conservatives,30,MIXED
1010,Proud Democrat,-24,MIXED
1011,Public Citizen,-13,HIGH
1012,Public Interest Legal Foundation,23,MIXED
1013,Public Policy Polling (PPP),0,VERY HIGH
1014,Public Radio International (PRI),-13,HIGH
1015,Public Religion Research Institute (PRRI),2,VERY HIGH
1016,PunchingBag Post,13,HIGH
1017,PutinTrump.org,-20,HIGH
1018,Quad City Times,-4,HIGH
1019,Quadrant Magazine,27,MIXED
1020,Quartz,-11,HIGH
1021,Queerty,-20,HIGH
1022,Quillette,11,HIGH
1023,R Street Institute,10,HIGH
1024,Rabble.ca,-25,HIGH
1025,Radio Free Asia,-7,HIGH
1026,Radio Free Europe / Radio Liberty,-2,HIGH
1027,Raleigh News and Observer,-9,HIGH
1028,Rand Corporation,-4,HIGH
1029,Rantt Media,-19,HIGH
1030,Rapid City Journal,-3,HIGH
1031,Rappler,-18,MIXED
1032,Rare News,9,HIGH
1033,Rasmussen Reports,7,HIGH
1034,RationalWiki,-11,HIGH
1035,Raw Progressive,-29,MIXED
1036,Raw Story,-23,MIXED
1037,Reader Supported News (RSN),-22,MIXED
1038,Reader’s Digest,20,MIXED
1039,Reading the Pictures,-20,HIGH
1040,Reagan Battalion,17,MIXED
1041,Real Clear Defense,10,HIGH
1042,Real Clear Investigations,15,MIXED
1043,Real Clear Policy,9,HIGH
1044,Real Clear Politics,9,HIGH
1045,Real News Network,-19,HIGH
1046,RealClearReligion,9,HIGH
1047,Reason,14,HIGH
1048,Recode,-1,HIGH
1049,Red Alert Politics,23,MIXED
1050,Red Flag News,30,MIXED
1051,Red Pepper,-29,HIGH
1052,Red River Valley News,8,HIGH
1053,Red State Disaster,-23,HIGH
1054,Red Youth,-26,MIXED
1055,Regated News,29,MIXED
1056,Regulation Magazine,16,MIXED
1057,Relevant Magazine,3,HIGH
1058,Religion News Service (RNS),-11,HIGH
1059,Remington Research Group,6,HIGH
1060,RenewedRight.com,29,MIXED
1061,Reporters Lab,-1,VERY HIGH
1062,Reporters Without Borders,-5,HIGH
1063,Represent.Us,-5,HIGH
1064,Republic World,-14,MIXED
1065,Republicans Suck,-29,MIXED
1066,Resilience (Post Carbon Institute),-27,MIXED
1067,Resistance Media,24,MIXED
1068,Restore American Glory,26,HIGH
1069,Reuters,-3,VERY HIGH
1070,Revcom.us,-29,MIXED
1071,Reveal – Center for Investigative Reporting,-7,HIGH
1072,Reverb Press,-22,HIGH
1073,Revere Press,-27,HIGH
1074,Revolution News,-20,HIGH
1075,Rewire,-18,HIGH
1076,Richmond Times-Dispatch,10,HIGH
1077,Richochet,26,MIXED
1078,Right Web,-13,HIGH
1079,Right Wing Watch,-26,MIXED
1080,Ring of Fire,-27,HIGH
1081,RiverBender.com,-2,HIGH
1082,Roanoke Times,-8,HIGH
1083,Roll Call,-4,VERY HIGH
1084,Rolling Stone,-16,HIGH
1085,Ron Paul Liberty Report,21,MIXED
1086,Roosevelt Institute,-12,HIGH
1087,RT News,13,MIXED
1088,RTE (Radio Television of Ireland),-3,HIGH
1089,Rudaw,-10,HIGH
1090,Russia Insider,17,MIXED
1091,Russian Media Monitor,-5,HIGH
1092,Russian News Agency-TASS,10,HIGH
1093,Sacramento Bee,-11,HIGH
1094,Salem Radio Network News (SRN News),8,HIGH
1095,Salon,-25,HIGH
1096,Salt Lake Tribune,-10,HIGH
1097,San Antonio Express-News,-9,HIGH
1098,San Bernardino Sun,9,HIGH
1099,San Diego Free Press,-15,HIGH
1100,San Diego Reader,-14,HIGH
1101,San Diego Union Tribune,-5,HIGH
1102,San Francisco Chronicle,-14,HIGH
1103,San Francisco Examiner,-13,HIGH
1104,San Francisco Globe,-11,MIXED
1105,San Jose Mercury News,-13,HIGH
1106,Santa Barbara Independent,-12,HIGH
1107,Santa Maria Times,2,HIGH
1108,Sarasota Herald-Tribune,-3,HIGH
1109,Saskatoon StarPhoenix,12,HIGH
1110,Saudi Gazette,-8,HIGH
1111,Savannah Morning News,10,HIGH
1112,Save Jersey,24,HIGH
1113,Sayfie Review,-1,HIGH
1114,Scary Mommy,-18,HIGH
1115,Science Debate,-3,VERY HIGH
1116,Scoopnest,-1,HIGH
1117,ScoopWhoop,-17,MIXED
1118,SCOTUSblog,-3,HIGH
1119,Scroll.in,-10,HIGH
1120,Seattle Post-Intelligencer,-13,HIGH
1121,Seattle Times,-14,HIGH
1122,Second Nexus,-15,MIXED
1123,Secure America Now,22,MIXED
1124,Sentencing Project,-15,HIGH
1125,Sentinel KSMO,28,MIXED
1126,SFGate,-14,HIGH
1127,Shadow Proof,-26,HIGH
1128,Shame Project,-12,HIGH
1129,Shareably,0,HIGH
1130,Shareblue,-29,MIXED
1131,Shorenstein Center,-3,HIGH
1132,Silence is Consent,30,MIXED
1133,Simple Politics,0,HIGH
1134,Sinclair Broadcast Group,23,MIXED
1135,Sioux City Journal,-4,HIGH
1136,Sky News,-12,HIGH
1137,Slate,-23,HIGH
1138,SmartNews,-4,MIXED
1139,Smirking Chimp,-22,HIGH
1140,Snopes,-3,HIGH
1141,Socialist Standard,-24,HIGH
1142,SocialistWorker.org,-27,HIGH
1143,SOFREP,11,HIGH
1144,Sojourners (Soho),-12,HIGH
1145,Sonoran News,24,MIXED
1146,SooToday.com,-13,HIGH
1147,SourceWatch,-20,HIGH
1148,South Bend Tribune,-4,HIGH
1149,South China Morning Post,-4,HIGH
1150,South Florida Sun-Sentinel,8,HIGH
1151,Southern Poverty Law Center,-11,HIGH
1152,Sparks/CnnTimes,-29,MIXED
1153,Special Broadcasting Service (SBS),-8,HIGH
1154,Spectrum News – NY1,-3,HIGH
1155,Spectrum Report,-1,MIXED
1156,Spiegel Online,-11,HIGH
1157,Spiked Magazine,21,MIXED
1158,Splinter,-27,MIXED
1159,Sputnik News,14,MIXED
1160,St. Cloud Times,-4,HIGH
1161,St. Louis Post-Dispatch,-10,HIGH
1162,St. Paul Pioneer Press,-8,HIGH
1163,St. Pete for Peace,-19,HIGH
1164,Standpoint Magazine,29,MIXED
1165,Star-Ledger,-14,HIGH
1166,Stars and Stripes,0,HIGH
1167,Stat (News),-4,HIGH
1168,Staten Island Advance,-11,HIGH
1169,Statesman Journal,8,HIGH
1170,StepFeed,-16,MIXED
1171,Stimson Center,-1,HIGH
1172,Stock News USA,-4,HIGH
1173,Stocks News Daily,-15,MIXED
1174,StopFake,-12,HIGH
1175,Strategic Culture Foundation,11,HIGH
1176,StrategyPage,2,HIGH
1177,Stratfor,-3,HIGH
1178,Student Daily News,11,HIGH
1179,Stuff,-9,HIGH
1180,Sunlight Foundation,-1,VERY HIGH
1181,Swarajya,11,HIGH
1182,SWI – Swissinfo.ch,-8,HIGH
1183,Syrian Observatory for Human Rights (SOHR),-14,HIGH
1184,Syriana Analysis,-19,MIXED
1185,Tablet Magazine,-14,HIGH
1186,Taipei Times,-4,HIGH
1187,Taiwan News,-4,HIGH
1188,TakePart,-22,HIGH
1189,Talking Points Memo,-21,HIGH
1190,Tallahassee Democrat,7,HIGH
1191,Tampa Bay Times,-11,HIGH
1192,Tampa Tribune,13,HIGH
1193,Task and Purpose,-4,HIGH
1194,Tasnim News Agency,26,MIXED
1195,Tax Foundation,7,VERY HIGH
1196,Tax Justice Network,-11,HIGH
1197,Tax Policy Center,-8,HIGH
1198,Tea Party News (The Point),30,MIXED
1199,Tea Party Patriots,20,HIGH
1200,Tea Party Tribune,28,HIGH
1201,TechCrunch,-14,HIGH
1202,Techdirt,-14,HIGH
1203,Tehran Times,22,MIXED
1204,TeleSUR,-19,MIXED
1205,Texas Monthly,-12,HIGH
1206,Texas Standard,-2,HIGH
1207,Texas Tribune,-2,HIGH
1208,Tharawat Magazine,8,HIGH
1209,That’s Nonsense,-1,HIGH
1210,The Advertiser,30,MIXED
1211,The Age (Australia),-12,HIGH
1212,The Algemeiner Journal,14,HIGH
1213,The American Cause,30,MIXED
1214,The American Conservative,11,HIGH
1215,The American Independent Institute,-23,HIGH
1216,The American Interest,11,HIGH
1217,The American Prospect,-23,HIGH
1218,The Atlantic,-12,HIGH
1219,The Auburn Citizen,-3,HIGH
1220,The Augusta Chronicle,17,HIGH
1221,The Austin Chronicle,-20,HIGH
1222,The Australian Financial Review,2,HIGH
1223,The Australian,12,HIGH
1224,The Automatic Earth,-9,HIGH
1225,The Baffler,-13,HIGH
1226,The Balance,-4,HIGH
1227,The Bangkok Post,-5,HIGH
1228,The Baxter Bulletin,-2,HIGH
1229,The Belfer Center for Science and International Affairs,1,HIGH
1230,The Blacksphere (Kevin Jackson),28,MIXED
1231,The Blaze,30,MIXED
1232,The Blue Route,-28,MIXED
1233,The Budapest Beacon,-15,HIGH
1234,The Bureau of Investigative Journalism,-4,HIGH
1235,The Burning Spear,-23,HIGH
1236,The California Republican,26,HIGH
1237,The Canadian Press,-4,HIGH
1238,The Canary (UK),-23,HIGH
1239,The Center on Budget and Policy Priorities,-10,HIGH
1240,The Century Foundation,-16,HIGH
1241,The Chicago Reporter,-16,HIGH
1242,The China Post,-3,HIGH
1243,The Christian Left,-15,HIGH
1244,The Chronicle Herald,11,MIXED
1245,The Chronicle of Higher Education,-2,HIGH
1246,The Cipher Brief,1,HIGH
1247,The Citizen Press,26,MIXED
1248,The Citizen,-11,HIGH
1249,The Climate Reality Project,-18,HIGH
1250,The College Fix,28,MIXED
1251,The Conservative Nut,22,MIXED
1252,The Conservative Woman,30,MIXED
1253,The Conversation,-4,HIGH
1254,The Council of Canadians,-13,HIGH
1255,The Courier Mail,14,HIGH
1256,The Courier-Journal,-10,HIGH
1257,The Daily Banter,-23,HIGH
1258,The Daily Buzz,-19,HIGH
1259,The Daily Citizen (Dalton),7,HIGH
1260,The Daily Climate,-12,HIGH
1261,The Daily Defender,27,MIXED
1262,The Daily Gazette,-4,HIGH
1263,The Daily Liberator,24,MIXED
1264,The Daily News (Longview),-5,HIGH
1265,The Daily News (Longview),-5,HIGH
1266,The Daily Northwestern,-4,HIGH
1267,The Daily Progress,-2,HIGH
1268,The Daily Tarheel,-12,HIGH
1269,The Daily Telegraph (Australia),22,MIXED
1270,The Daily Vox,-21,HIGH
1271,The Daily Wire,29,MIXED
1272,The Day (New London),-3,HIGH
1273,The Defcon Warning System,1,HIGH
1274,The Democratic Hub,-28,MIXED
1275,The Des Moines Register,-4,HIGH
1276,The Diplomat Magazine,0,HIGH
1277,The EC Journal,8,MIXED
1278,The Economic Times,-8,HIGH
1279,The Economist,1,HIGH
1280,The Elkhart Truth,-2,HIGH
1281,The Epoch Times,13,HIGH
1282,The Establishment,-23,HIGH
1283,The European Council on Foreign Relations (ECFR),-14,HIGH
1284,The Fake News Codex,-1,HIGH
1285,The Federalist,27,HIGH
1286,The Fifth Column,-15,MIXED
1287,The Fiscal Times,11,HIGH
1288,The Florida Squeeze,-21,MIXED
1289,The Forward,-12,HIGH
1290,The Frisky,-20,HIGH
1291,The Fucking News,-23,HIGH
1292,The Gazette (Cedar Rapids),11,HIGH
1293,The Globe and Mail,7,HIGH
1294,The Guardian,-14,HIGH
1295,The Hartford Courant,-12,HIGH
1296,The Hayride,28,HIGH
1297,The Herald (Everett),-8,HIGH
1298,The Herald Journal (Utah),0,HIGH
1299,The Herald-Sun (Durham/North Carolina),-5,HIGH
1300,The Hill,-8,HIGH
1301,The Hindu Business Line,7,HIGH
1302,The Hindu,-8,HIGH
1303,The Humanist Magazine,-5,HIGH
1304,The Independent Review,6,HIGH
1305,The Independent,-15,HIGH
1306,The Indian Express,-3,HIGH
1307,The Intellectualist,-20,HIGH
1308,The Intercept,-17,HIGH
1309,The Irish Times,-8,HIGH
1310,The Irrawaddy,-13,HIGH
1311,The Jack News,9,HIGH
1312,The Jakarta Post,-2,HIGH
1313,The Jamestown Foundation,11,HIGH
1314,The Japan News,8,HIGH
1315,The Jerusalem Post,-3,HIGH
1316,The Jerusalem Report,-12,HIGH
1317,The Jewish Press,9,HIGH
1318,The Jordan Times,-4,HIGH
1319,The Journal News,-12,HIGH
1320,The Knife,1,HIGH
1321,The Korea Times,-13,MIXED
1322,The Last Refuge (Conservative Treehouse),30,MIXED
1323,The Libertarian Republic,14,HIGH
1324,The Lily,-18,HIGH
1325,The Local (Norway),-12,HIGH
1326,The London Economic,-28,MIXED
1327,The Manila Times,10,HIGH
1328,The Marshall Project,-3,HIGH
1329,The Mary Sue,-21,HIGH
1330,The Meme Policeman,2,HIGH
1331,The Middle East in London,3,HIGH
1332,The Militant,-19,HIGH
1333,The Millennial Review,26,HIGH
1334,The Moderate Voice,-3,HIGH
1335,The Monthly (Australia),-11,HIGH
1336,The Morning Call,-3,HIGH
1337,The Morning Star,-22,HIGH
1338,The Nation Institute,-14,HIGH
1339,The Nation Pakistan,13,HIGH
1340,The Nation,-21,HIGH
1341,The National (UAE),9,HIGH
1342,The National Memo,-22,HIGH
1343,The Nevada Independent,-13,HIGH
1344,The New American,23,MIXED
1345,The New Arab,-14,HIGH
1346,The New Atlantis,9,HIGH
1347,The New Civil Rights Movement,-26,MIXED
1348,The New Tropic,-14,HIGH
1349,The Newly Press,30,MIXED
1350,The News (Mexico City),-3,HIGH
1351,The News International,-4,HIGH
1352,The News Lens,7,HIGH
1353,The News Literacy Project,-1,HIGH
1354,The News Tribune,-10,HIGH
1355,The News-Times (Danbury),-10,HIGH
1356,The Next Web,-9,HIGH
1357,The Objective Standard,15,HIGH
1358,The Observatory,-3,HIGH
1359,The Observer (UK),-13,HIGH
1360,The Odyssey Online,-16,MIXED
1361,The Oklahoman,11,HIGH
1362,The Olympian,-11,HIGH
1363,The Oslo Times,-12,HIGH
1364,The Oslo Times,-12,HIGH
1365,The Other 98%,-25,MIXED
1366,The Outline,-19,HIGH
1367,The Outlook (Monmouth University),-4,HIGH
1368,The Pantagraph,-3,HIGH
1369,The Patriot Post,26,MIXED
1370,The Patriot-News,-7,HIGH
1371,The Phnom Penh Post,-2,HIGH
1372,The Plain Dealer,-12,HIGH
1373,The Post and Courier,2,HIGH
1374,The Post and Email,30,MIXED
1375,The Post Millennial,23,HIGH
1376,The Post Star,1,HIGH
1377,The Press Democrat,-9,HIGH
1378,The Press-Enterprise,11,HIGH
1379,The Progressive Frontier,-29,MIXED
1380,The Progressive,-23,HIGH
1381,The Providence Journal,-12,HIGH
1382,The Pulse,-15,HIGH
1383,The Quint,11,MIXED
1384,The RANTidote,24,MIXED
1385,The Real Strategy,29,MIXED
1386,The Reality-Based Community,-21,HIGH
1387,The Rebel,29,MIXED
1388,The Record (New Jersey),-10,HIGH
1389,The Resurgent,27,MIXED
1390,The Right Scoop,27,MIXED
1391,The Ringer,-12,HIGH
1392,The Ron Paul Institute,21,MIXED
1393,The Root,-22,HIGH
1394,The Santa Fe New Mexican,-8,HIGH
1395,The Saturday Paper,-14,HIGH
1396,The Scotsman,-3,HIGH
1397,The Sentinel (Pennsylvania),-3,HIGH
1398,The Skimm,-4,HIGH
1399,The Smoking Gun,7,HIGH
1400,The Sociable,-3,HIGH
1401,The Source Newspaper (La Source),-24,HIGH
1402,The Southern Illinoisan,2,HIGH
1403,The Spectator (UK),17,HIGH
1404,The Spokesman-Review,6,HIGH
1405,The Star Democrat,-4,HIGH
1406,The State,-12,HIGH
1407,The Stern Facts,-27,MIXED
1408,The Straits Times,10,HIGH
1409,The Stranger,-17,HIGH
1410,The Strategy Bridge,2,HIGH
1411,The Sun Magazine,-15,HIGH
1412,The Sun Magazine,-15,HIGH
1413,The Sun,26,MIXED
1414,The Swedish Wire,-4,HIGH
1415,The Sydney Morning Herald,-13,HIGH
1416,The Tab,-12,HIGH
1417,The Tennessean,11,HIGH
1418,The Tennessee Star,27,HIGH
1419,The Texas Observer,-20,HIGH
1420,The Times (Illinois),0,HIGH
1421,The Times and Democrat,-5,HIGH
1422,The Times Herald (Port Huron),9,HIGH
1423,The Times of London,11,HIGH
1424,The Times-Picayune,-14,HIGH
1425,The Trace,-11,HIGH
1426,The Truth About Guns,22,HIGH
1427,The TruthSetter,1,HIGH
1428,The Tyee,-15,HIGH
1429,The Varsity,-9,HIGH
1430,The Verge,-13,HIGH
1431,The Village Voice,-19,HIGH
1432,The Virginian-Pilot,-7,HIGH
1433,The Walrus,-22,HIGH
1434,The Waterloo-Cedar Falls Courier,-3,HIGH
1435,The Week,-13,HIGH
1436,The West Australian,12,HIGH
1437,The Whim,-2,HIGH
1438,The Wilderness Society,-11,HIGH
1439,The Wire – India,-8,HIGH
1440,The World Can’t Wait,-24,HIGH
1441,The Young Turks,-22,HIGH
1442,The Zero Hour,-15,HIGH
1443,TheGrio,-21,HIGH
1444,TheImproper Magazine,-25,HIGH
1445,TheJournal.ie,-4,HIGH
1446,TheosWatch.com,-29,MIXED
1447,TheWrap,-2,MIXED
1448,Think Progress,-26,MIXED
1449,Third Way,-4,HIGH
1450,This Magazine,-22,HIGH
1451,Thomson Reuters Foundation,-8,HIGH
1452,ThoughtCo,-1,VERY HIGH
1453,Time Magazine,-17,HIGH
1454,Timeline,-7,HIGH
1455,Times Headline,-11,MIXED
1456,Times News (Pennsylvania),7,HIGH
1457,Times of India,-2,HIGH
1458,Times of Israel,-10,HIGH
1459,Times of San Diego,-4,HIGH
1460,Times of South Africa (Times Live),15,MIXED
1461,Times-Colonist,-13,HIGH
1462,Times-News (Idaho),-3,HIGH
1463,To Inform is to Influence,-12,HIGH
1464,Today I Found Out,-1,HIGH
1465,Toledo Blade,6,HIGH
1466,TomDispatch.com,-13,HIGH
1467,Topeka Capital-Journal,7,HIGH
1468,Toronto Star,-17,HIGH
1469,Toronto Sun,22,HIGH
1470,Towleroad,-28,MIXED
1471,Townhall,24,MIXED
1472,Transparency International,-1,VERY HIGH
1473,Transpartisan Review,-3,HIGH
1474,Tribune Magazine UK,-22,HIGH
1475,Tribune News Service,-3,HIGH
1476,Tribunist,29,MIXED
1477,TRT World,23,MIXED
1478,True Viral News,1,HIGH
1479,Truth Against the Machine,-27,HIGH
1480,Truth Be Told,-3,HIGH
1481,Truth Out,-29,MIXED
1482,Truthdig,-23,HIGH
1483,TruthOrFiction.com,-1,VERY HIGH
1484,Tulsa World,11,HIGH
1485,Turkey and Facts (Dogruluk Payi),-1,VERY HIGH
1486,Turning Point USA,29,MIXED
1487,TVW Washington State,-1,HIGH
1488,Twitchy,30,MIXED
1489,UAWire,-13,MIXED
1490,UN Watch,26,MIXED
1491,Unbiased America,24,MIXED
1492,Undark,-3,HIGH
1493,Unicorn Riot,-16,HIGH
1494,United Federation of Teachers (UFT),-13,HIGH
1495,United Press International (UPI),3,HIGH
1496,United States House of Representatives (House.gov),-1,VERY HIGH
1497,Unity News Network,28,MIXED
1498,University Business,-8,HIGH
1499,Uproxx,-19,HIGH
1500,Upworthy,-18,HIGH
1501,Urban Institute,-14,HIGH
1502,US Government Accountability Office (GAO),-1,HIGH
1503,US News World Report,-8,HIGH
1504,US Political Post,-28,MIXED
1505,US Politics Info,30,MIXED
1506,US Uncut,-33,MIXED
1507,USA Facts,-1,VERY HIGH
1508,USA Politics Today,28,MIXED
1509,USA Spending,-1,VERY HIGH
1510,USA Today,-9,HIGH
1511,USSA News,29,MIXED
1512,Utah Public Radio (UPR),-7,HIGH
1513,Utah Standard-Examiner,1,HIGH
1514,ValueWalk,11,HIGH
1515,Vancouver Sun,-11,HIGH
1516,Vanity Fair,-21,HIGH
1517,Vera Files,-3,VERY HIGH
1518,Verified Politics,-26,HIGH
1519,Vermont Independent,-23,MIXED
1520,Verrit,-22,HIGH
1521,Vessel News,29,MIXED
1522,Vice News,-16,MIXED
1523,Viral Thread,-4,MIXED
1524,Viral Title,-27,MIXED
1525,VivaLiberty,28,MIXED
1526,Vocativ,-4,HIGH
1527,Voice of America,-3,HIGH
1528,Voice of San Diego,-5,HIGH
1529,Vos Iz Neias,-3,HIGH
1530,Vote Smart,-1,HIGH
1531,Vote,-21,MIXED
1532,VoteVets.org,-13,HIGH
1533,Vox,-23,HIGH
1534,Vulture,-14,HIGH
1535,Wall Street Journal,11,HIGH
1536,Wall Street on Parade,-15,HIGH
1537,War on the Rocks,-5,HIGH
1538,Washington Babylon,15,HIGH
1539,Washington Blade,-15,HIGH
1540,Washington Examiner,21,HIGH
1541,Washington Free Beacon,28,MIXED
1542,Washington Journal (Not C-Span),-27,HIGH
1543,Washington Journal,-3,HIGH
1544,Washington Monthly,-18,HIGH
1545,Washington Post,-15,HIGH
1546,Washington Press,-29,MIXED
1547,Washington Sources,-27,MIXED
1548,Washington Times,17,HIGH
1549,Watchdog.org,15,MIXED
1550,Waterbury Republican-American,12,HIGH
1551,We Are The Mighty,3,HIGH
1552,Wear Your Voice,-22,HIGH
1553,Weasel Zippers,30,MIXED
1554,Weekly Standard,23,HIGH
1555,Western Free Press,30,MIXED
1556,Western Journal,29,MIXED
1557,WestMonster,12,HIGH
1558,WGN News,-8,HIGH
1559,What Matters News,-26,HIGH
1560,Whatfinger,26,MIXED
1561,Who.What.Why,-21,MIXED
1562,Wichita Eagle,6,HIGH
1563,WikiLeaks,13,MIXED
1564,WikiNews,-2,HIGH
1565,Wikipedia,-1,HIGH
1566,WikiTribune,-2,HIGH
1567,Williamsport Sun-Gazette,10,HIGH
1568,Windsor Star,-11,HIGH
1569,Wings Over Scotland,-16,HIGH
1570,Winona Daily News,-3,HIGH
1571,Winston-Salem Journal,10,HIGH
1572,WION (World is One News),-3,MIXED
1573,Wired Magazine,-13,HIGH
1574,Wisconsin State Journal,-2,HIGH
1575,WNYC,-11,HIGH
1576,Wonkette,-26,MIXED
1577,Woodrow Wilson International Center for Scholars,-3,VERY HIGH
1578,Workers World,-27,MIXED
1579,World Affairs Journal,-8,HIGH
1580,World Economic Forum,-4,HIGH
1581,World Magazine,24,MIXED
1582,World Net Daily (WND),29,MIXED
1583,World News,1,HIGH
1584,World Policy Institute,-14,HIGH
1585,World Politics Review,5,HIGH
1586,World Press Review,-2,VERY HIGH
1587,World Resources Institute (WRI),-3,VERY HIGH
1588,World Socialist Web Site,-24,HIGH
1589,World Tribune,22,HIGH
1590,WorldCrunch,-11,HIGH
1591,WRAL,-3,HIGH
1592,Xinhua News Agency,-13,MIXED
1593,Yahoo News,-14,MIXED
1594,YellowHammer News,20,HIGH
1595,Yes Magazine,-22,HIGH
1596,YnetNews,-14,HIGH
1597,York Daily Record,-7,HIGH
1598,Young America’s Foundation (YAF),23,HIGH
1599,Young Conservatives,30,MIXED
1600,Your Black World,-22,MIXED
1601,Youth Radio,-10,HIGH
1602,Z Magazine,-22,HIGH
1603,ZDF (Zweites Deutsches Fernsehen),-5,HIGH
